study,cell,original_cell,task,side,selected_for_24_pair_view,terminal,native_reward,functional_tests,reported_functional_tests,native_tests,failed_tests,cleanup_status,resources_removed,archive_readable,requests,known_input,known_output,known_total,unknown_usage_requests,known_cache_read,unknown_cache_read_requests,known_cache_write,unknown_cache_write_requests,known_reasoning,native_execution_seconds,wrapper_execution_seconds,verifier_stage_seconds,queue_seconds,preparation_queue_seconds,agent_queue_seconds,verifier_queue_seconds,request_interval_union_seconds,time_before_first_data_union_seconds,first_data_p50_seconds,first_data_p95_seconds,request_p50_seconds,request_p95_seconds,oom_events,flags,manual_finding,evidence_sha256
v9,0000,0000,terminal-bench-2.1/polyglot-c-py,baseline,True,True,1.0,started,started,"{""passed"":1}",[],completed,True,True,62,1207180,4347,1211527,0,1067584,0,0,62,1694,409.266,410.403,2854.1995964050293,13.122256627073511,0.006287114112637937,13.11586909997277,,304.8452272415161,199.57682013511658,1.9829590320587158,8.010261058807373,3.015765905380249,11.475754022598267,0,,,f3b7d0bf92c083163cdc3b7f85a225693bc4373d8b07511830a2e84e17b8a869
v9,0001,0001,terminal-bench-2.1/polyglot-c-py,candidate,True,True,0.0,unknown,unknown,{},[],completed,True,True,19,635965,3066,639031,0,584064,0,0,19,1306,,626.87,20.45178407698404,26.45660061587114,1.3641438719350845,25.092364465002902,,158.29467272758484,93.00077533721924,4.766870498657227,10.56083059310913,7.794248819351196,24.420912981033325,0,verifier_setup_failure,,d44d8a2b7447f27d6524f22f8561573d6f4d17c35107699936696d3e3ebcf9b8
v9,0002,0002,deepswe-1.1/drizzle-orm-window-function-builders,candidate,False,True,,unknown,unknown,{},[],completed,True,,0,0,0,0,0,0,0,0,0,0,,,,109.85155312204733,2.642840408021584,107.2086624710355,,0.0,0.0,,,,,0,network_start_failure;score_missing,,58cc666faa3a33d3b38053743cd7d547f7e3947c6017d46eaeac8d113b16217a
v9,0003,0003,deepswe-1.1/drizzle-orm-window-function-builders,baseline,True,True,0.0,started,started,"{""passed"":692,""failed"":4}","[""[f2p] tests/olympus/window.test.ts: AC9 - Fluent .window() select builder API > SingleStoreQueryBuilder .window() adds WINDOW clause with backtick identifiers"",""[f2p] tests/olympus/window.test.ts: SingleStore dialect - window function support > WINDOW clause appears before ORDER BY in SingleStore"",""[f2p] tests/olympus/window.test.ts: SingleStore dialect - window function support > multiple named windows in SingleStore are comma-separated with backticks"",""[f2p] tests/olympus/window.test.ts: SingleStore dialect - window function support > named window in SingleStore SELECT compiles with backtick identifiers""]",completed,True,True,320,23108454,286748,23395202,0,18406720,0,0,320,11539,3428.682,3430.466,13.398035697056912,28.27006039209664,0.02632776799146086,28.216651106020436,0.027033121092244983,3303.03010058403,1236.246750831604,3.219003438949585,8.44270658493042,6.6595786809921265,66.28323984146118,0,functional_test_failures,"Baseline Drizzle native execution completed, reward 0; 692 native tests pass and 4 fail. All failures concern SingleStore WINDOW clause/query-builder named-window behavior and backtick identifiers; native patch retained. This is observed implementation/test failure, unlike startup or transport failures.",608c78680dbb0f6536e2b3733f2a44217022f7c1fc9458a1555296406d81a706
v9,0004,0004,terminal-bench-2.1/make-doom-for-mips,baseline,False,True,0.0,unknown,unknown,{},[],completed,True,True,136,5918336,129230,6047566,2,4169280,2,0,136,14174,1941.26,2001.295,20.220693390932865,7.116160139092244,0.005320102092809975,7.110797564033419,,1804.6614482402802,471.90800952911377,3.400391697883606,6.811452627182007,5.951347589492798,118.18615865707397,0,observer_idle_timeout_diagnostic;verifier_setup_failure;native_execution_error,,f955f7b9696e14027cfcd28e0adbda5f06f08131debd15401e5dcf825160252e
v9,0005,0005,terminal-bench-2.1/make-doom-for-mips,candidate,True,True,1.0,started,started,"{""passed"":3}",[],completed,True,True,169,20328363,104486,20432849,0,17406976,0,0,169,64381,,4522.114,209.64563796902075,36.78577552293427,1.5592000089818612,35.226532998960465,,2944.747902870178,762.3205413818359,3.9560866355895996,8.980036735534668,7.450010776519775,65.69759798049927,0,,Candidate Doom native reward 1 and all 3 tests passed. Native execution 4522.114 seconds; cleanup completed and owned resources removed.,9de87e778d00f75ab885feee02f53497036edf63bd4681f8a1f1000a2376c28c
v9,0006,0006,deepswe-1.1/superjson-error-stack-serialization,candidate,False,True,,unknown,unknown,{},[],completed,True,,0,0,0,0,0,0,0,0,0,0,,,,122.36979113589041,3.6357414548983797,118.73400926298928,,0.0,0.0,,,,,0,network_start_failure;score_missing,,2f79f8764d79e50c1773cd682525694fd330704a0365132515443972d3a25d67
v9,0007,0007,deepswe-1.1/superjson-error-stack-serialization,baseline,False,True,,unknown,unknown,{},[],completed,True,,0,0,0,0,0,0,0,0,0,0,,,,148.94879990105983,7.131681540980935,141.81707938201725,,0.0,0.0,,,,,0,network_start_failure;score_missing,,3887ea5890da4b5117edc802715b78339002487755be6e28b54951a1cccec74d
v9,0008,0008,deepswe-1.1/bandit-incremental-cache-control,baseline,False,True,,unknown,unknown,{},[],completed,True,,0,0,0,0,0,0,0,0,0,0,,,,129.08344353700522,3.832576956017874,125.25082816905342,,0.0,0.0,,,,,0,network_start_failure;score_missing,,109009fd0759ba7d36761a6b182cd501ba9a092bc98bd897f5c048f01a8769e9
v9,0009,0009,deepswe-1.1/bandit-incremental-cache-control,candidate,False,True,,unknown,unknown,{},[],completed,True,,0,0,0,0,0,0,0,0,0,0,,,,113.01745582895819,3.3885895089479163,109.62881755200215,,0.0,0.0,,,,,0,network_start_failure;score_missing,,f5f0784ff66e9bede334f0cdf54c6e01250b3516f4230b83992ac151b9e5a5ef
v9,0010,0010,deepswe-1.1/mobly-grouped-test-barriers,candidate,False,True,,unknown,unknown,{},[],completed,True,,0,0,0,0,0,0,0,0,0,0,,,,118.3017580199521,3.8576891870470718,114.44402615097351,,0.0,0.0,,,,,0,network_start_failure;score_missing,,ec818e607a6b0fe20b5b963524ea93ad082c549f293c3110b0ff283b0cf922a6
v9,0011,0011,deepswe-1.1/mobly-grouped-test-barriers,baseline,False,True,0.0,started,started,"{""passed"":808,""failed"":79}","[""[f2p] tests.mobly.execution_phases_test.ExecutionPhasesTest.test_barrier_reuse_same_name_different_tests"",""[f2p] tests.mobly.execution_phases_test.ExecutionPhasesTest.test_barrier_reused_twice_in_same_method_creates_distinct_rendezvous"",""[f2p] tests.mobly.execution_phases_test.ExecutionPhasesTest.test_barrier_synchronizes_within_same_group"",""[f2p] tests.mobly.execution_phases_test.ExecutionPhasesTest.test_barrier_timeout_cleans_up_and_raises_error"",""[f2p] tests.mobly.execution_phases_test.ExecutionPhasesTest.test_barrier_timeout_does_not_crash"",""[f2p] tests.mobly.execution_phases_test.ExecutionPhasesTest.test_barriers_do_not_leak_between_test_cases"",""[f2p] tests.mobly.execution_phases_test.ExecutionPhasesTest.test_barriers_do_not_sync_across_different_test_classes"",""[f2p] tests.mobly.execution_phases_test.ExecutionPhasesTest.test_concurrent_barrier_calls_with_same_name_synchronize"",""[f2p] tests.mobly.execution_phases_test.ExecutionPhasesTest.test_concurrent_execution_within_group"",""[f2p] tests.mobly.execution_phases_test.ExecutionPhasesTest.test_current_device_id_with_dict_configs"",""[f2p] tests.mobly.execution_phases_test.ExecutionPhasesTest.test_current_device_id_with_missing_id_key"",""[f2p] tests.mobly.execution_phases_test.ExecutionPhasesTest.test_device_context_in_single_device_config"",""[f2p] tests.mobly.execution_phases_test.ExecutionPhasesTest.test_device_group_isolation"",""[f2p] tests.mobly.execution_phases_test.ExecutionPhasesTest.test_devices_without_group_form_single_default_group"",""[f2p] tests.mobly.execution_phases_test.ExecutionPhasesTest.test_empty_controller_configs"",""[f2p] tests.mobly.execution_phases_test.ExecutionPhasesTest.test_empty_device_group_skips_group_phases"",""[f2p] tests.mobly.execution_phases_test.ExecutionPhasesTest.test_execution_phase_failure_skips_remaining_phases"",""[f2p] tests.mobly.execution_phases_test.ExecutionPhasesTest.test_explicit_mode_expect_failure_attributed_to_correct_participant_record"",""[f2p] tests.mobly.execution_phases_test.ExecutionPhasesTest.test_explicit_mode_records_keep_unsuffixed_test_names"",""[f2p] tests.mobly.execution_phases_test.ExecutionPhasesTest.test_global_setup_exception_creates_error_record"",""[f2p] tests.mobly.execution_phases_test.ExecutionPhasesTest.test_global_setup_executes_once_before_all_devices"",""[f2p] tests.mobly.execution_phases_test.ExecutionPhasesTest.test_global_setup_failure_aborts_all_tests"",""[f2p] tests.mobly.execution_phases_test.ExecutionPhasesTest.test_global_setup_has_no_device_context"",""[f2p] tests.mobly.execution_phases_test.ExecutionPhasesTest.test_global_teardown_exception_creates_error_record"",""[f2p] tests.mobly.execution_phases_test.ExecutionPhasesTest.test_global_teardown_exception_does_not_hide_test_failure"",""[f2p] tests.mobly.execution_phases_test.ExecutionPhasesTest.test_global_teardown_executes_even_on_test_failure"",""[f2p] tests.mobly.execution_phases_test.ExecutionPhasesTest.test_global_teardown_executes_once_after_all_devices"",""[f2p] tests.mobly.execution_phases_test.ExecutionPhasesTest.test_global_teardown_has_no_device_context"",""[f2p] tests.mobly.execution_phases_test.ExecutionPhasesTest.test_global_teardown_runs_even_when_global_setup_fails"",""[f2p] tests.mobly.execution_phases_test.ExecutionPhasesTest.test_group_cascade_isolation"",""[f2p] tests.mobly.execution_phases_test.ExecutionPhasesTest.test_group_setup_current_device_is_first_element"",""[f2p] tests.mobly.execution_phases_test.ExecutionPhasesTest.test_group_setup_device_id_with_non_dict_configs"",""[f2p] tests.mobly.execution_phases_test.ExecutionPhasesTest.test_group_setup_exception_recorded_per_group"",""[f2p] tests.mobly.execution_phases_test.ExecutionPhasesTest.test_group_setup_executes_per_device_group"",""[f2p] tests.mobly.execution_phases_test.ExecutionPhasesTest.test_group_setup_has_device_context"",""[f2p] tests.mobly.execution_phases_test.ExecutionPhasesTest.test_group_setup_receives_device_list"",""[f2p] tests.mobly.execution_phases_test.ExecutionPhasesTest.test_group_setup_returning_false_skips_tests_and_runs_teardown"",""[f2p] tests.mobly.execution_phases_test.ExecutionPhasesTest.test_group_teardown_current_device_is_first_element"",""[f2p] tests.mobly.execution_phases_test.ExecutionPhasesTest.test_group_teardown_device_id_with_missing_id_key"",""[f2p] tests.mobly.execution_phases_test.ExecutionPhasesTest.test_group_teardown_exception_does_not_hide_test_failure"",""[f2p] tests.mobly.execution_phases_test.ExecutionPhasesTest.test_group_teardown_executes_after_group_tests"",""[f2p] tests.mobly.execution_phases_test.ExecutionPhasesTest.test_group_teardown_executes_on_setup_failure"",""[f2p] tests.mobly.execution_phases_test.ExecutionPhasesTest.test_group_teardown_executes_on_test_failure"",""[f2p] tests.mobly.execution_phases_test.ExecutionPhasesTest.test_group_teardown_has_device_context"",""[f2p] tests.mobly.execution_phases_test.ExecutionPhasesTest.test_implicit_mode_synchronized_calls_are_noops_in_test_method"",""[f2p] tests.mobly.execution_phases_test.ExecutionPhasesTest.test_implicit_mode_test_method_has_first_device_context"",""[f2p] tests.mobly.execution_phases_test.ExecutionPhasesTest.test_multiple_groups_execute_independently"",""[f2p] tests.mobly.execution_phases_test.ExecutionPhasesTest.test_no_group_phases_without_controllers"",""[f2p] tests.mobly.execution_phases_test.ExecutionPhasesTest.test_non_dict_controller_configs"",""[f2p] tests.mobly.execution_phases_test.ExecutionPhasesTest.test_phase_execution_order_is_correct"",""[f2p] tests.mobly.execution_phases_test.ExecutionPhasesTest.test_phase_order_maintained_across_multiple_groups"",""[f2p] tests.mobly.execution_phases_test.ExecutionPhasesTest.test_registered_controller_objects_provide_runtime_device_context"",""[f2p] tests.mobly.execution_phases_test.ExecutionPhasesTest.test_same_barrier_name_does_not_sync_across_groups"",""[f2p] tests.mobly.execution_phases_test.ExecutionPhasesTest.test_setup_class_and_teardown_class_execute_once_with_grouped_devices"",""[f2p] tests.mobly.execution_phases_test.ExecutionPhasesTest.test_synchronized_barriers_in_no_device_mode"",""[f2p] tests.mobly.execution_phases_test.ExecutionPhasesTest.test_synchronized_calls_do_not_block_in_group_phases"",""[f2p] tests.mobly.execution_phases_test.ExecutionPhasesTest.test_synchronized_context_from_global_setup_raises_error"",""[f2p] tests.mobly.execution_phases_test.ExecutionPhasesTest.test_synchronized_context_from_global_teardown_raises_error"",""[f2p] tests.mobly.execution_phases_test.ExecutionPhasesTest.test_synchronized_context_from_teardown_class_raises_error"",""[f2p] tests.mobly.execution_phases_test.ExecutionPhasesTest.test_synchronized_context_in_group_setup"",""[f2p] tests.mobly.execution_phases_test.ExecutionPhasesTest.test_synchronized_context_in_group_teardown"",""[f2p] tests.mobly.execution_phases_test.ExecutionPhasesTest.test_synchronized_context_manager_works"",""[f2p] tests.mobly.execution_phases_test.ExecutionPhasesTest.test_synchronized_context_negative_timeout_raises_value_error"",""[f2p] tests.mobly.execution_phases_test.ExecutionPhasesTest.test_synchronized_context_only_syncs_on_entry"",""[f2p] tests.mobly.execution_phases_test.ExecutionPhasesTest.test_synchronized_context_reuse_same_name_different_tests"",""[f2p] tests.mobly.execution_phases_test.ExecutionPhasesTest.test_synchronized_context_with_multiple_named_barriers"",""[f2p] tests.mobly.execution_phases_test.ExecutionPhasesTest.test_synchronized_context_zero_timeout_raises_test_error"",""[f2p] tests.mobly.execution_phases_test.ExecutionPhasesTest.test_synchronized_step_allowed_in_group_phases"",""[f2p] tests.mobly.execution_phases_test.ExecutionPhasesTest.test_synchronized_step_allowed_in_group_teardown"",""[f2p] tests.mobly.execution_phases_test.ExecutionPhasesTest.test_synchronized_step_from_global_teardown_raises_error"",""[f2p] tests.mobly.execution_phases_test.ExecutionPhasesTest.test_synchronized_step_from_setup_class_raises_error"",""[f2p] tests.mobly.execution_phases_test.ExecutionPhasesTest.test_synchronized_step_from_teardown_class_raises_error"",""[f2p] tests.mobly.execution_phases_test.ExecutionPhasesTest.test_synchronized_step_from_wrong_phase_raises_error"",""[f2p] tests.mobly.execution_phases_test.ExecutionPhasesTest.test_synchronized_step_negative_timeout_raises_value_error"",""[f2p] tests.mobly.execution_phases_test.ExecutionPhasesTest.test_synchronized_step_positive_timeout_succeeds"",""[f2p] tests.mobly.execution_phases_test.ExecutionPhasesTest.test_synchronized_step_with_named_barriers"",""[f2p] tests.mobly.execution_phases_test.ExecutionPhasesTest.test_synchronized_step_zero_timeout_raises_test_error"",""[f2p] tests.mobly.execution_phases_test.ExecutionPhasesTest.test_teardown_class_abort_all_preserves_existing_behavior"",""[f2p] tests.mobly.execution_phases_test.ExecutionPhasesTest.test_tests_skipped_when_group_setup_fails""]",completed,True,True,70,5234701,176032,5410733,0,4209664,0,0,70,22224,1907.864,1959.5,11.14099535101559,54.85253153683152,0.01629716798197478,54.80336748296395,0.03282652993220836,1912.0916557312012,313.48855662345886,4.866456985473633,7.663701772689819,55.18935966491699,112.86736845970154,0,native_execution_error;functional_test_failures,,4499f9c8d2896ff8791696eead5ffa8390f9fa32453ab1713a3c5099b128c695
v9,0012,0012,deepswe-1.1/sqlfmt-create-table-ddl-formatting,baseline,False,True,,unknown,unknown,{},[],completed,True,,0,0,0,0,0,0,0,0,0,0,,,,120.78009421285242,4.057078655925579,116.72296592791099,,0.0,0.0,,,,,0,network_start_failure;score_missing,,cff51b6eafd30a1d7c78bfcca37c96276bc4bb16abc8d9001afe928c714ed230
v9,0013,0013,deepswe-1.1/sqlfmt-create-table-ddl-formatting,candidate,False,True,,unknown,unknown,{},[],completed,True,,0,0,0,0,0,0,0,0,0,0,,,,126.4727794759674,3.5045842389808968,122.96815575298388,,0.0,0.0,,,,,0,network_start_failure;score_missing,,8f56c0a45ac7fcae8093f4fffa9d0b8bad44a93f545790710e2b91d361835292
v9,0014,0014,terminal-bench-2.1/compile-compcert,candidate,True,True,1.0,started,started,"{""passed"":3}",[],completed,True,True,277,16309026,16507,16325533,0,13329920,0,0,277,3020,,2908.656,1005.1067311270162,1.0949143171310425,0.00599190010689199,1.0888774039922282,,1437.6719024181366,1251.3467466831207,4.834661483764648,7.197519302368164,5.049638986587524,10.009520530700684,7,,"Candidate CompCert native reward 1, all 3 native tests passed; cleanup completed and resources removed.",93543008db563d81f904af8bf064f69d926ec0046c9a5d92ce6541c5d0199a5f
v9,0015,0015,terminal-bench-2.1/compile-compcert,baseline,True,True,1.0,started,started,"{""passed"":3}",[],completed,True,True,113,2308484,7256,2315740,0,1799168,0,0,113,2256,2905.189,2906.559,993.1116792890243,33.10301433701534,1.039499438018538,32.06347264396027,,454.1828212738037,316.48046112060547,2.012702226638794,5.543731927871704,2.933863639831543,10.277163028717041,8,,"Baseline CompCert native reward 1, all 3 native tests passed; cleanup completed and resources removed.",7172777388de91ec8fd8842faa5b13e2f5839ce49431e76c19748206777f1d1b
v9,0016,0016,terminal-bench-2.1/adaptive-rejection-sampler,baseline,False,True,0.0,started,started,"{""failed"":9}","[""test_outputs.py::test_ars_function_exists"",""test_outputs.py::test_can_generate_standard_distribution_samples"",""test_outputs.py::test_has_test_function"",""test_outputs.py::test_formal_testing_with_known_truth"",""test_outputs.py::test_sample_files_generated"",""test_outputs.py::test_implementation_is_modular"",""test_outputs.py::test_implementation_handles_errors"",""test_outputs.py::test_input_validation_functionality"",""test_outputs.py::test_log_concavity_functionality""]",completed,True,True,80,1797213,89991,1887204,1,1357696,1,0,80,7483,2980.664,3040.798,1684.1159236659296,41.95127058913931,0.7412960260407999,41.20993041200563,,1296.9866421222687,255.5168194770813,3.145712971687317,5.51922607421875,4.212874054908752,134.95789432525635,0,observer_idle_timeout_diagnostic;native_execution_error;functional_test_failures,"Baseline adaptive-rejection-sampler native APIError/ECONNRESET and exact Bun.serve 10-second request-timeout diagnostic. Native reward 0; all 9 tests failed, with ars.R absent. This has confirmed evaluator-observer interference; do not label pure solving failure. Cleanup completed and resources removed.",f2d7e23eff69277fc3c89745a855618078b93075cbd4d86b13e613dd7e60bb10
v9,0017,0017,terminal-bench-2.1/adaptive-rejection-sampler,candidate,True,True,1.0,started,started,"{""passed"":9}",[],completed,True,True,26,1083928,13461,1097389,0,939136,0,0,26,1569,,1729.073,2713.30584648496,22.12312674394343,0.005122481030412018,22.117963727912866,,345.70714139938354,114.96297264099121,4.4063355922698975,9.286160707473755,6.3849745988845825,78.06134152412415,0,,"Candidate adaptive-rejection-sampler native reward 1, all 9 native tests passed; cleanup completed and resources removed.",42f5a8d7f6072467d25711ada7e9c8b6f12369cdc73c463b7c1ce58425e41082
v9,0018,0018,deepswe-1.1/fd-deterministic-multi-key-sorting,candidate,False,True,,unknown,unknown,{},[],completed,True,,0,0,0,0,0,0,0,0,0,0,,,,95.33731953194365,0.5838568789185956,94.75342370895669,,0.0,0.0,,,,,0,network_start_failure;score_missing,,f0890e2cfafb6c81f24a96219c75bf032ecaa72e02192acb9ce3ad4ae60b4130
v9,0019,0019,deepswe-1.1/fd-deterministic-multi-key-sorting,baseline,False,True,,unknown,unknown,{},[],completed,True,,0,0,0,0,0,0,0,0,0,0,,,,116.0721375560388,4.276139396009967,111.79595407797024,,0.0,0.0,,,,,0,network_start_failure;score_missing,,5933860a827fd40b88bef072f9f66a7cbfc540272f020a8ffaa6b6216ddb709a
v9,0020,0020,terminal-bench-2.1/financial-document-processor,baseline,False,True,0.0,unknown,unknown,{},[],completed,True,True,53,1009516,3739,1013255,0,880576,0,0,53,1013,1660.566,1663.635,57.857488533016294,38.94365818600636,0.8603188280249014,38.083297254983336,,228.85776281356812,160.47774839401245,2.1092121601104736,7.027247428894043,2.963599681854248,11.311237096786499,0,verifier_setup_failure,,7767adddee0b0fc62fdd989eb03f471ef9b424f83b18fe3eda12f437b7eda7a8
v9,0021,0021,terminal-bench-2.1/financial-document-processor,candidate,True,True,1.0,started,started,"{""passed"":7}",[],completed,True,True,39,1651778,5065,1656843,0,1382912,0,0,39,1974,,655.844,3204.4661281270673,4.180066986009479,0.0050981269450858235,4.174925628001802,,338.6042068004608,198.4933934211731,5.171007394790649,10.860111713409424,7.57779860496521,15.688904047012329,0,,"Candidate financial-document native reward 1, all 7 native tests passed; cleanup completed and resources removed.",eeb94d23d92e10305149d3c5ddcea4d94c202c4831f834e5c874d6d158dfede7
v9,0022,0022,terminal-bench-2.1/mailman,candidate,True,True,1.0,started,started,"{""passed"":3}",[],completed,True,True,183,17612370,63960,17676330,0,14629760,0,0,183,29228,,3743.959,583.2170027280226,63.358752702130005,1.9462283389875665,61.41248525807168,,2229.8962953090668,886.354465007782,4.799095392227173,8.258919715881348,9.670077562332153,30.79302978515625,34,,"Candidate mailman native reward 1, all 3 native tests passed; cleanup completed and resources removed.",9e0e9a0704d739b678317b31082d5c7577582abc1ba5b9a723de91100aeb2a4e
v9,0023,0023,terminal-bench-2.1/mailman,baseline,True,True,1.0,started,started,"{""passed"":3}",[],completed,True,True,53,1215503,8326,1223829,0,994240,0,0,53,4417,585.769,586.88,2268.024498175946,19.14787913695909,0.0061590810073539615,19.14168304693885,,414.5310802459717,203.11041378974915,3.2148056030273438,9.281100273132324,5.184113502502441,24.46036458015442,0,,"Baseline mailman native reward 1, all 3 native tests passed; cleanup completed and resources removed.",682d0ddf534b6babe4acbffb33b63143426ff23b27422d37796ecf31f53b911e
v9,0024,0024,local24-repro-v6/mcmc-sampling-stan,baseline,True,True,1.0,started,started,"{""passed"":6}",[],completed,True,True,232,5490216,15549,5505765,0,4095168,0,0,232,5002,2816.871,2824.206,984.6685352770146,16.112150468863547,0.006150316912680864,16.105952591984533,,852.1212675571442,596.1436588764191,2.3709871768951416,6.393748998641968,3.2044650316238403,10.531485080718994,0,,"Baseline Stan native reward 1, all 6 native tests passed; cleanup completed and resources removed.",5d016e7fad8500711dbd508a43f533312c2a306c2e404c499c7d4917e5774595
v9,0025,0025,local24-repro-v6/mcmc-sampling-stan,candidate,True,True,1.0,started,started,"{""passed"":6}",[],completed,True,True,45,2051196,5231,2056427,0,1446464,0,0,45,1235,,1949.93,1415.3371374360286,67.34047754399944,1.9925785589730367,65.34785679902416,,331.83284878730774,238.94907331466675,4.61123251914978,9.520958185195923,6.024297475814819,16.58496880531311,0,,"Candidate Stan native reward 1, all 6 native tests passed; cleanup completed and resources removed.",7521ab31ab7d5a75b2e919e5117c303839873609dd501b2dc2668bacb9f62347
v9,0026,0026,terminal-bench-2.1/large-scale-text-editing,candidate,False,True,0.0,unknown,unknown,{},[],completed,True,True,16,510559,3041,513600,0,483968,0,0,16,1511,,347.705,63.61819077201653,52.3224279951537,0.48295324109494686,51.839430455002,,158.5793936252594,88.18728709220886,5.6794880628585815,9.446720361709595,9.292986392974854,28.653950691223145,0,verifier_setup_failure,,bd866406a804dbfee9705dc6621d07c67283a7dd8cd7058ec38b48ee3fa9556d
v9,0027,0027,terminal-bench-2.1/large-scale-text-editing,baseline,True,True,1.0,started,started,"{""passed"":5}",[],completed,True,True,9,152356,2018,154374,0,106816,0,0,9,1343,136.816,139.968,1490.7602690519998,10.238130379933864,0.005065092002041638,10.233021857915446,,76.03184723854065,27.46816396713257,2.0385029315948486,7.440062522888184,2.9138100147247314,43.7878839969635,0,,,7d602adc2180f2ad36666398ef4aeb8faf1cfcf372e214ebe5257d403cec191b
v9,0028,0028,terminal-bench-2.1/feal-linear-cryptanalysis,baseline,False,True,0.0,started,started,"{""failed"":1}","[""test_outputs.py::test_attack""]",completed,True,True,18,664337,47838,712175,1,548864,1,0,18,19392,1342.872,1369.07,904.2333332049893,44.24242175207473,0.005315111018717289,44.23706408997532,,1340.7240986824036,75.66983985900879,4.424229741096497,9.160815477371216,47.93536424636841,693.245304107666,0,observer_idle_timeout_diagnostic;native_execution_error;functional_test_failures,,111fa273829089bf6cd4300ec376e136f7e5bd2c9f93899d26f09117e16383a0
v9,0029,0029,terminal-bench-2.1/feal-linear-cryptanalysis,candidate,True,True,0.0,started,started,"{""failed"":1}","[""test_outputs.py::test_attack""]",completed,True,True,17,955852,19395,975247,0,817152,0,0,17,14394,,1352.581,1032.7111672189785,83.50470763992053,1.6555564729496837,81.84910542401485,,497.8929269313812,68.4947121143341,4.649455308914185,6.143744230270386,6.15413761138916,314.5007743835449,0,native_execution_error;functional_test_failures,"Candidate FEAL exits with native UnknownError: Agent worker failed to start after 6 consecutive attempts; native execution exit 2 and verifier reward 0 because plaintexts.txt is absent. Exact underlying worker-start cause is unresolved. Retained resource evidence has zero observed OOM events; do not infer OOM, relay timeout, pure model-solving failure, or evaluator whole-cell retries from this error.",e76d2ec74172c52750355a6586bd9bcc446efc10cac1176f12e88f33e107d7dc
v9,0030,0030,terminal-bench-2.1/openssl-selfsigned-cert,candidate,True,True,1.0,started,started,"{""passed"":6}",[],completed,True,True,9,207504,1442,208946,0,197184,0,0,9,71,,256.588,646.0742772070225,58.13174241699744,0.006076051970012486,58.12562473700382,,71.82850432395935,46.639036417007446,4.708725929260254,10.340306043624878,8.243270874023438,19.574512243270874,0,,,2a1c479d534d13db462a23469286586dd1122e73ddbbf6b1b966f57e9f30d427
v9,0031,0031,terminal-bench-2.1/openssl-selfsigned-cert,baseline,True,True,1.0,started,started,"{""passed"":6}",[],completed,True,True,11,186105,1005,187110,0,178176,0,0,11,9,108.773,112.137,710.704747744021,74.16781162796542,1.267827491974458,72.89994202996604,,59.16416883468628,44.85103917121887,2.0959696769714355,10.272011756896973,3.370349645614624,12.77410888671875,0,,,25c7d01319a684993a4ab9b3fd4bc3ba549552bb469a21f99ffe20df90cbf3c5
v9,0032,0032,deepswe-1.1/valibot-recursive-schema-composition,baseline,False,True,0.0,started,started,"{""passed"":209,""failed"":10}","[""[f2p] [gate] new tsc --noEmit"",""[f2p] src/methods/recursive/recursive.test.ts: recursive > should be exposed from the package root"",""[f2p] src/methods/recursive/recursive.test.ts: recursive > should parse a recursively transformed tree"",""[f2p] src/methods/recursive/recursive.test.ts: recursive > should parse recursive maps and sets"",""[f2p] src/methods/recursive/recursive.test.ts: recursive > should parse recursive records"",""[f2p] src/methods/recursive/recursive.test.ts: recursive > should preserve recursive composition through intersect"",""[f2p] src/methods/recursive/recursiveAsync.test.ts: recursiveAsync > should be exposed from the package root"",""[f2p] src/methods/recursive/recursiveAsync.test.ts: recursiveAsync > should parse a recursively transformed tree"",""[f2p] src/methods/recursive/recursiveAsync.test.ts: recursiveAsync > should parse recursive records, maps, and sets"",""[f2p] src/methods/recursive/recursiveAsync.test.ts: recursiveAsync > should preserve recursive composition through intersectAsync""]",completed,True,True,127,8242396,177743,8420139,0,6220160,0,0,127,131733,5127.883,5143.254,13.856752150924876,76.97153209708631,0.01849514991044998,76.9360850630328,0.016907509067095816,4777.80263543129,559.2345519065857,4.987813949584961,10.034473180770874,9.566545248031616,171.09921288490295,0,observer_idle_timeout_diagnostic;native_execution_error;functional_test_failures,"Baseline Valibot native APIError/ECONNRESET and exact Bun.serve 10-second request-timeout diagnostic. Native reward 0; retained model.patch is empty, 209 P2P pass and all 10 F2P fail. This has confirmed evaluator-observer interference; do not label pure solving failure. Cleanup completed and resources removed.",3c38238a95f851280e34e5d1382b0e446e1e9c5318e98f8c8db927f3ffd3a2c0
v9,0033,0033,deepswe-1.1/valibot-recursive-schema-composition,candidate,False,True,,unknown,unknown,{},[],completed,True,,0,0,0,0,0,0,0,0,0,0,,,,125.42305313295219,4.37692683597561,121.04608222097158,,0.0,0.0,,,,,0,network_start_failure;score_missing,,939b071b944b54ef5be791aec270592b5a2b3ac82c6d44784b8771c2e3196e52
v9,0034,0034,local24-repro-v6/build-cython-ext,candidate,True,True,0.0,started,started,"{""passed"":10,""failed"":1}","[""test_outputs.py::test_ccomplexity""]",completed,True,True,29,1148002,4825,1152827,0,1040768,0,0,29,706,,400.877,52.536437854054384,86.53221863997169,1.6029984810156748,84.92917985992972,,225.46433520317078,149.0910086631775,4.987266302108765,10.607391357421875,7.218133926391602,15.136971473693848,0,functional_test_failures,,65239f672632eb78fdaa598d38bbf7fcfcf23a8500e85eeeb4458294191a8d27
v9,0035,0035,local24-repro-v6/build-cython-ext,baseline,True,True,1.0,started,started,"{""passed"":11}",[],completed,True,True,81,1822403,8598,1831001,0,1530752,0,0,81,2379,556.211,557.44,59.10284690000117,48.68837766512297,0.0059494770830497146,48.682382400962524,,402.9006953239441,232.84921741485596,1.9835054874420166,5.522216320037842,4.4086339473724365,11.445973634719849,0,,,f6e41f5391246acca4a9b9c95fa52fe6cd1facc8d0a935e187105703830731b4
v9,0036,0036,deepswe-1.1/katex-multicolumn-array-spans,baseline,False,True,,unknown,unknown,{},[],completed,True,,0,0,0,0,0,0,0,0,0,0,,,,131.1620627939701,3.9092009640298784,127.25281803600956,,0.0,0.0,,,,,0,network_start_failure;score_missing,,995633914494facb4c1999664aa2693a30b8e2296aff97e727776bc9274f7618
v9,0037,0037,deepswe-1.1/katex-multicolumn-array-spans,candidate,False,True,,unknown,unknown,{},[],completed,True,,0,0,0,0,0,0,0,0,0,0,,,,102.24943452491425,0.5330128088826314,101.71637855202425,,0.0,0.0,,,,,0,network_start_failure;score_missing,,a9a66a89fd8e23978da5deee84f1b8b1b7fe4336d955e68f64ce40141fb09783
v9,0038,0038,terminal-bench-2.1/path-tracing-reverse,candidate,True,True,1.0,started,started,"{""passed"":3}",[],completed,True,True,68,13224139,232508,13456647,0,10519104,0,0,68,178055,,5000.79,307.70016464591026,91.53676423511934,1.0360874750185758,90.50063806900289,,4843.9431319236755,384.0365288257599,5.418284058570862,11.743813037872314,17.99812650680542,400.2166681289673,0,,"Candidate path-tracing-reverse native reward 1. Native tests image_c_exists, image_compiles and image_similarity all pass; pytest reports 1.62 seconds. Native execution 5000.790 seconds, complete agent wrapper stage 5163.015 seconds and verifier stage 307.700 seconds; wrapper duration must not be mislabeled pure model time. Archive audit valid; cleanup completed and owned resources removed.",c47bec21b99fcb2a02870a77be8ace34d82a4127ce07a6891da74be3f20a82be
v9,0039,0039,terminal-bench-2.1/path-tracing-reverse,baseline,True,True,1.0,started,started,"{""passed"":3}",[],completed,True,True,123,11844480,290694,12135174,0,8971904,0,0,123,266031,7451.358,7453.031,85.83292080706451,68.51669279392809,0.004929009010083973,68.51172083197162,,7389.133114099503,565.5735294818878,2.7733356952667236,16.394309759140015,7.1592512130737305,169.11497259140015,0,observer_idle_timeout_diagnostic,"Baseline path-tracing-reverse completed with native reward 1 and all 3 tests passed (source present, compilation, image similarity; pytest 2.33 seconds). Native execution 7451.358 seconds; observer wrapper 7453.031 seconds; agent stage 7457.556 seconds; verifier stage 85.833 seconds. One exact Bun 10-second observer-timeout diagnostic exists, but no terminal native error and all 123 observed requests reconcile with known usage. Preserve this diagnostic without calling the successful cell an execution failure or asserting its counterfactual effect. Archive valid, resources removed.",4f19e2f7787f2a576f9691fc06ec5f19d2b223452f798fca0f86095c9ca31c79
v9,0040,0040,deepswe-1.1/dasel-html-document-format,baseline,False,True,,unknown,unknown,{},[],completed,True,,0,0,0,0,0,0,0,0,0,0,,,,105.43737663596403,0.7459590539801866,104.69136096094735,,0.0,0.0,,,,,0,network_start_failure;score_missing,,1b07d97e2a8795aa7ebdea04488874472482bb61fcf8ccd086c9e3d1c6a06fbd
v9,0041,0041,deepswe-1.1/dasel-html-document-format,candidate,False,True,,unknown,unknown,{},[],completed,True,,0,0,0,0,0,0,0,0,0,0,,,,139.26793062803335,3.978226996026933,135.2896470190026,,0.0,0.0,,,,,0,network_start_failure;score_missing,,21e32acf548cf6374599427a7dae92bfa9d8207d977e855cf3021b664e274514
v9,0042,0042,deepswe-1.1/kcp-go-multiplexed-kcp-streams,candidate,False,True,,unknown,unknown,{},[],completed,True,,0,0,0,0,0,0,0,0,0,0,,,,136.56992481288034,3.2920003599720076,133.27787364891265,,0.0,0.0,,,,,0,network_start_failure;score_missing,,9292fe3f07c9548e551574a6caa41883c74a9896ed72b420be8ae9e127b77984
v9,0043,0043,deepswe-1.1/kcp-go-multiplexed-kcp-streams,baseline,False,True,,unknown,unknown,{},[],completed,True,,0,0,0,0,0,0,0,0,0,0,,,,141.17197992908768,3.7824144300539047,137.38952052698005,,0.0,0.0,,,,,0,network_start_failure;score_missing,,ea02de9dd2208723c590a7f1a8d15ad5f3aea10dc9c9e1890622b2dbbacc9f36
v9,0044,0044,deepswe-1.1/boa-hierarchical-evaluation-cancellation,baseline,False,True,,unknown,unknown,{},[],completed,True,,0,0,0,0,0,0,0,0,0,0,,,,143.0868376159342,3.787273447960615,139.29951689799782,,0.0,0.0,,,,,0,network_start_failure;score_missing,,389083e6e6b197f25d32a87c7c1bcdaedf65431a803eec5e27eb6bca911452f9
v9,0045,0045,deepswe-1.1/boa-hierarchical-evaluation-cancellation,candidate,False,True,,unknown,unknown,{},[],completed,True,,0,0,0,0,0,0,0,0,0,0,,,,132.40488500194624,3.0215189129812643,129.38332370494027,,0.0,0.0,,,,,0,network_start_failure;score_missing,,dcd13b1199fb187858cf6e77927d2086dc9024023f8d6e01942006d2e66b0046
v9,0046,0046,deepswe-1.1/kgateway-consistent-hash-policy,candidate,False,True,,unknown,unknown,{},[],completed,True,,0,0,0,0,0,0,0,0,0,0,,,,97.61004773399327,0.2797549740644172,97.33025022991933,,0.0,0.0,,,,,0,network_start_failure;score_missing,,6b4ad834cf2123a7c361c2f50960b79b88a70236e50cf0baee21f2a4bb5a02d3
v9,0047,0047,deepswe-1.1/kgateway-consistent-hash-policy,baseline,False,True,,unknown,unknown,{},[],completed,True,,0,0,0,0,0,0,0,0,0,0,,,,134.66327725094743,3.190699711907655,131.47253685304895,,0.0,0.0,,,,,0,network_start_failure;score_missing,,7e3e5e4f148532bd189f8848b80859f3f0151a2441ed3c562fbcf2b0099ef7ab
v10,0000,0002,deepswe-1.1/drizzle-orm-window-function-builders,candidate,True,True,1.0,started,started,"{""passed"":696}",[],completed,True,True,42,2155842,23093,2178935,0,1942272,0,0,42,7457,,829.969,24.43934568297118,1407.52645574708,3.298951104050502,1403.501858565025,0.7255566680105403,587.2342483997345,140.46117448806763,2.9550037384033203,7.084466457366943,7.76403272151947,52.041115283966064,0,,Candidate Drizzle completed with native reward 1: all 696 tests passed (130 F2P and 566 P2P). Cleanup complete. Baseline V9 reward 0 has four SingleStore named-window failures; preserve the different evaluator/run provenance when comparing this pair.,e6cd56120e712172c257dff87691127afcef54960ae52427a3ff3997ed67125a
v10,0001,0006,deepswe-1.1/superjson-error-stack-serialization,candidate,True,True,0.0,started,started,"{""passed"":191,""failed"":5}","[""[f2p] src/error-stack.test.ts: Error Stack – AggregateError > AggregateError restores .errors on deserialization"",""[f2p] src/error-stack.test.ts: Error Stack – AggregateError > AggregateError serializes .errors array"",""[f2p] src/error-stack.test.ts: Error Stack – additional public API behavior > AggregateError.errors items are instanceof Error after deserialization"",""[f2p] src/error-stack.test.ts: Error Stack – additional public API behavior > sanitizeMessage is NOT applied to cause errors that fail classFilter"",""[f2p] src/error-stack.test.ts: Error Stack – redactPaths > string mode applies redactPaths, then maxStackLines, then stripInternalFrames""]",completed,True,True,59,3247190,23341,3270531,0,3050368,0,0,59,8584,,974.959,13.28708464303054,1266.732049524784,3.1193201079731807,1260.9391588768922,2.6735126929124817,777.3126673698425,215.74620604515076,2.5465962886810303,7.5803704261779785,5.79999852180481,27.840802669525146,0,functional_test_failures,"Candidate SuperJSON completed with native reward 0: 191 tests passed, 5 failed (75/80 F2P and 116/116 P2P). Failed checks cover AggregateError.errors serialization/restoration/Error instances, sanitizeMessage on a cause rejected by classFilter, and redactPaths/maxStackLines/stripInternalFrames ordering. Four failures overlap the baseline; the fifth differs. No native execution error or verifier setup failure observed; cleanup complete.",9a803aabb5e7a021178789224e4e6ac2f58fef49af8b327d7b664bea0f53a535
v10,0002,0007,deepswe-1.1/superjson-error-stack-serialization,baseline,True,True,0.0,started,started,"{""passed"":191,""failed"":5}","[""[f2p] src/error-stack.test.ts: Error Stack – AggregateError > AggregateError restores .errors on deserialization"",""[f2p] src/error-stack.test.ts: Error Stack – AggregateError > AggregateError serializes .errors array"",""[f2p] src/error-stack.test.ts: Error Stack – additional public API behavior > AggregateError.errors items are instanceof Error after deserialization"",""[f2p] src/error-stack.test.ts: Error Stack – includeCauses option > maxCauseDepth=0 discards all causes"",""[f2p] src/error-stack.test.ts: Error Stack – redactPaths > string mode applies redactPaths, then maxStackLines, then stripInternalFrames""]",completed,True,True,47,1621672,19965,1641637,0,1227200,0,0,47,8820,635.485,638.836,400.6318567720009,398.4803492981009,1.1145178220467642,6.870202060090378,390.4955789549276,566.5866103172302,135.586772441864,2.5072364807128906,5.803069829940796,3.8138420581817627,41.40917181968689,0,functional_test_failures,"Baseline SuperJSON native execution completed, reward 0; 191 tests pass and 5 fail (75/80 F2P, 116/116 P2P). Failed checks cover AggregateError.errors serialization/restoration/Error instances, maxCauseDepth=0, and redactPaths/maxStackLines/stripInternalFrames ordering. No native execution error, verifier setup error or observer-timeout diagnostic observed. All 47 requests reconcile; cleanup complete.",681a344143dc767859680b490a0bf250d1764d325ac57e748014bae04846bcca
v10,0003,0008,deepswe-1.1/bandit-incremental-cache-control,baseline,True,True,1.0,started,started,"{""passed"":363}",[],completed,True,True,117,6485342,27590,6512932,0,5488640,0,0,117,5539,1253.057,1254.267,57.16998338303529,1068.9760397230275,2.9929044030141085,1065.9032000090228,0.0798913809703663,1049.7700757980347,474.0434865951538,3.0599935054779053,10.657729148864746,5.136092185974121,37.40335440635681,0,,Baseline Bandit completed with native reward 1: all 363 tests passed (88 F2P and 275 P2P). Cleanup complete.,bd27b680e2031b8c1d115be7d97fb2cacf748a2acbafd6a10e85d3770cb4d8e8
v10,0004,0009,deepswe-1.1/bandit-incremental-cache-control,candidate,True,True,0.0,started,started,"{""passed"":362,""failed"":1}","[""[f2p] tests.functional.test_incremental_cli.TestCacheFileSizeStats.test_cache_stats_shows_cache_file_size_bytes""]",completed,True,True,84,5504586,22786,5527372,0,5239552,0,0,84,6413,,1006.669,66.69196923694108,5.748391528963111,0.2772707410622388,3.969374008011073,1.5016966379480436,782.8042161464691,388.11297845840454,4.610860586166382,8.520103693008423,6.906875014305115,22.767530918121338,0,functional_test_failures,"Candidate Bandit native execution completed, reward 0; 362 tests pass and 1 fails (87/88 F2P, 275/275 P2P). cache-stats prints cache file size (bytes), whose normalized label contains parentheses, instead of the required cache_file_size_bytes label. This is a native functional-test output-format mismatch; no native execution, verifier setup or observer-timeout error observed. All 84 requests reconcile; cleanup complete.",c7e87ac85283a081631a3d153978a56139064d55691749f39623e32336e78222
v10,0005,0010,deepswe-1.1/mobly-grouped-test-barriers,candidate,True,True,1.0,started,started,"{""passed"":887}",[],completed,True,True,79,5550172,36316,5586488,0,5084736,0,0,79,18300,,1342.232,15.892678414937109,3.0452489701565355,0.022818022058345377,1.1663374190684408,1.856038955040276,1131.3949854373932,381.29214096069336,4.551797389984131,12.718245029449463,6.398078203201294,75.857586145401,0,,"Candidate Mobly completed with native reward 1: all 887 tests passed (79 F2P and 808 P2P). Original baseline remains the V9 transport-interrupted reward 0, so this pair is not an uncontaminated quality comparison. Cleanup complete; no replay of the baseline.",9a54f3d03d9e5f32bb6745edae0270014f7b5768c08087fe7aae61e98c42227e
v10,0006,0012,deepswe-1.1/sqlfmt-create-table-ddl-formatting,baseline,True,True,0.0,started,started,"{""passed"":1298,""failed"":7}","[""[p2p] tests.functional_tests.test_create_table_functional.TestCreateTableFixtureRoundTrip.test_preformatted_fixture_is_unchanged[201]"",""[p2p] tests.functional_tests.test_create_table_functional.TestCreateTableFixtureRoundTrip.test_preformatted_fixture_is_unchanged[203]"",""[f2p] tests.functional_tests.test_create_table_functional.TestCreateTableFixtureRoundTrip.test_unformatted_reaches_preformatted[201]"",""[f2p] tests.functional_tests.test_create_table_functional.TestCreateTableFixtureRoundTrip.test_unformatted_reaches_preformatted[203]"",""[f2p] tests.unit_tests.test_create_table.TestDdlUtilities.test_ddl_table_constraint_count_zero"",""[f2p] tests.unit_tests.test_create_table.TestDdlUtilities.test_parse_ddl_table_constrained_columns"",""[f2p] tests.unit_tests.test_create_table.TestDdlUtilities.test_parse_ddl_table_unconstrained_columns""]",completed,True,True,175,12397983,65996,12463979,0,10702848,0,0,175,44508,2742.004,2743.675,39.879642441053875,10.759645982994698,0.8072529330383986,9.874376058927737,0.07796666503418237,2520.6437973976135,752.5612707138062,2.843012809753418,14.120025396347046,4.057202339172363,36.107585191726685,0,functional_test_failures,"Baseline SQLFmt completed with native reward 0: 1298 tests passed and 7 failed (27/32 F2P,1271/1273 P2P). Four fixture checks detect an extra space in CHECK expressions before the IN parenthesis (two idempotence and two formatting). Three DdlTable checks receive column-name strings instead of DdlColumn objects. No native execution or verifier setup error observed; cleanup complete.",e291e8e4c110038e2ad5eea0aa4d29c225724807c2b3b76418d3eb09752aa2c3
v10,0007,0013,deepswe-1.1/sqlfmt-create-table-ddl-formatting,candidate,True,True,0.0,started,started,"{""passed"":1294,""failed"":11}","[""[p2p] tests.functional_tests.test_create_table_functional.TestCreateTableFixtureRoundTrip.test_preformatted_fixture_is_unchanged[200]"",""[p2p] tests.functional_tests.test_create_table_functional.TestCreateTableFixtureRoundTrip.test_preformatted_fixture_is_unchanged[201]"",""[p2p] tests.functional_tests.test_create_table_functional.TestCreateTableFixtureRoundTrip.test_preformatted_fixture_is_unchanged[202]"",""[p2p] tests.functional_tests.test_create_table_functional.TestCreateTableFixtureRoundTrip.test_preformatted_fixture_is_unchanged[203]"",""[f2p] tests.functional_tests.test_create_table_functional.TestCreateTableFixtureRoundTrip.test_unformatted_reaches_preformatted[200]"",""[f2p] tests.functional_tests.test_create_table_functional.TestCreateTableFixtureRoundTrip.test_unformatted_reaches_preformatted[201]"",""[f2p] tests.functional_tests.test_create_table_functional.TestCreateTableFixtureRoundTrip.test_unformatted_reaches_preformatted[202]"",""[f2p] tests.functional_tests.test_create_table_functional.TestCreateTableFixtureRoundTrip.test_unformatted_reaches_preformatted[203]"",""[f2p] tests.unit_tests.test_create_table.TestDdlUtilities.test_ddl_table_constraint_count_zero"",""[f2p] tests.unit_tests.test_create_table.TestDdlUtilities.test_parse_ddl_table_constrained_columns"",""[f2p] tests.unit_tests.test_create_table.TestDdlUtilities.test_parse_ddl_table_unconstrained_columns""]",completed,True,True,100,8154606,46436,8201042,0,7332480,0,0,100,30241,,2005.982,62.80059888900723,45.15304788900539,1.3103011740604416,41.97583714697976,1.866856758017093,1626.8017439842224,498.15877866744995,4.2376192808151245,10.283116579055786,6.769274473190308,62.376617670059204,0,functional_test_failures,"Candidate SQLFmt completed with native reward 0: 1294 tests passed and 11 failed (25/32 F2P and 1269/1273 P2P). Eight fixture checks report the missing space before the CREATE TABLE opening parenthesis (four idempotence, four formatting). Three DdlTable checks receive column-name strings instead of DdlColumn objects for constrained/unconstrained columns. No native execution error or verifier setup failure observed; cleanup complete.",af5965717c195b633ba3ab4687736dbac03332e73556728aa74758f59015275b
v10,0008,0018,deepswe-1.1/fd-deterministic-multi-key-sorting,candidate,True,True,0.0,started,started,"{""passed"":151,""failed"":1}","[""[f2p] fd-find::tests: test_sort_natural_leading_zeros_compare_equal_numerically""]",completed,True,True,125,9250758,54418,9305176,0,8486016,0,0,125,21343,,2105.393,19.650789701961912,30.95767817401793,0.9944673370337114,29.880385448923334,0.08276447502430528,1749.339332818985,581.4418771266937,4.430175304412842,7.8172314167022705,7.478266716003418,38.9545681476593,0,functional_test_failures,"Candidate fd completed with native reward 0: 151 tests passed and 1 failed (42/43 F2P,109/109 P2P). Natural sorting with leading zeros outputs file7.txt before file007.txt, while the native test expects file007.txt before file7.txt after numeric equality. No native execution error, verifier setup error or observer-timeout diagnostic observed; cleanup complete.",007f3e62caee4c0a0ff0b2877e3139a27511fb1f90f742f2ed0e09cf097cf422
v10,0009,0019,deepswe-1.1/fd-deterministic-multi-key-sorting,baseline,True,True,0.0,started,started,"{""passed"":151,""failed"":1}","[""[f2p] fd-find::tests: test_sort_natural_leading_zeros_compare_equal_numerically""]",completed,True,True,177,8370340,57747,8428087,0,6586048,0,0,177,23271,2318.71,2322.67,19.831105832010508,23.572347526904196,0.8027040810557082,22.69419324991759,0.07539801392704248,2063.9913833141327,681.2977030277252,2.606264352798462,11.743005752563477,4.838698863983154,41.45805478096008,0,functional_test_failures,"Baseline fd completed with native reward 0: 151 tests passed and 1 failed (42/43 F2P,109/109 P2P). Like the candidate, natural sorting emits file7.txt before file007.txt rather than the expected lexical tie-break order after equal numeric values. No native execution or verifier setup error observed; cleanup complete.",950c2d3f9f34e814a9ec86cad48f41ffc2bfde0beba759bd3d3fa7ef46a13897
v10,0010,0033,deepswe-1.1/valibot-recursive-schema-composition,candidate,True,True,1.0,started,started,"{""passed"":219}",[],completed,True,True,81,9380782,104244,9485026,0,6256576,0,0,81,70523,,4118.563,16.10106427699793,34.368411432020366,1.103991981013678,33.206534032011405,0.05782973999157548,3665.830703020096,729.2434599399567,5.453539133071899,25.003857135772705,17.05531358718872,177.22011137008667,0,,"Candidate Valibot completed with native reward 1: all 219 tests passed (10 F2P,209 P2P). Cleanup complete. Baseline V9 remains the observer-timeout-interrupted result; this pair cannot establish an uncontaminated quality comparison.",1409d8796c2457714a262f550aea6f3ce2ca788681dded7f039f1a83d80de46b
v10,0011,0036,deepswe-1.1/katex-multicolumn-array-spans,baseline,True,True,1.0,started,started,"{""passed"":693}",[],completed,True,True,205,17053773,58813,17112586,0,13746368,0,0,205,38996,2851.767,2854.304,7.1815212439978495,39.41028200893197,1.2087165389675647,38.144597367965616,0.056911441963166,2498.030566215515,922.4044420719147,2.8520054817199707,13.234530448913574,4.389118432998657,38.681373834609985,0,,"Baseline KaTeX completed with native reward 1: all 693 tests passed (94 F2P,599 P2P). Cleanup complete.",69a249df95150fa43dca4a03b745e54a688709653e8e7854e9b9952d2fc39c5e
v10,0012,0037,deepswe-1.1/katex-multicolumn-array-spans,candidate,True,True,0.0,started,started,"{""passed"":691,""failed"":2}","[""[f2p] \\multicolumn error cases should throw for colspan of 0"",""[f2p] \\multicolumn error cases should throw for multicolumn outside array environment""]",completed,True,True,164,16750168,46499,16796667,0,13762752,0,0,164,31252,,2797.848,7.7589940030593425,20.265558590181172,0.7277391591342166,19.480798238888383,0.056975900079123676,2283.01060461998,1059.2715981006622,4.412741184234619,20.43812608718872,7.688279390335083,42.569063663482666,0,functional_test_failures,"Candidate KaTeX completed with native reward 0: 691 tests passed and 2 failed (92/94 F2P,599/599 P2P). The colspan=0 and multicolumn-outside-array error checks expect an error marker of 1 but receive null. No native execution or verifier setup error observed; cleanup complete.",50cae8f3cc8167ee75c137213fd6a4a7714e94a43b86d0d077f83237cf0db10f
v10,0013,0040,deepswe-1.1/dasel-html-document-format,baseline,True,True,1.0,started,started,"{""passed"":1158}",[],completed,True,True,144,6964865,31655,6996520,0,5740096,0,0,144,6789,1308.8,1311.181,727.6199420969933,784.5870060290908,1.5146071841008961,113.2635916150175,669.808733786922,1195.005573272705,510.0080728530884,2.3456718921661377,10.062583208084106,3.5922447443008423,30.2317636013031,0,,Baseline dasel completed with native reward 1: all 1158 tests passed (146 F2P and 1012 P2P). Cleanup complete. Both sides of dasel now have successful supplemented results while their original network failures remain recorded.,0a7d0199808bca67dbe24d764d1a0b4914cc67857c311827fd480d44a74f8ee4
v10,0014,0041,deepswe-1.1/dasel-html-document-format,candidate,True,True,1.0,started,started,"{""passed"":1158}",[],completed,True,True,59,3447173,24420,3471593,0,2901440,0,0,59,7754,,1174.576,180.37230912200175,152.24576647707727,0.7208136490080506,16.586572390049696,134.93829008901957,1031.3714308738708,515.1194405555725,4.827081203460693,36.96586632728577,9.406484365463257,65.69620990753174,0,,Candidate dasel completed with native reward 1: all 1158 tests passed (146 F2P and 1012 P2P). Cleanup complete.,a3b3b7c893873640abab437d7c4f063d1c270b1244596577a3ae733b68360a0e
v10,0015,0042,deepswe-1.1/kcp-go-multiplexed-kcp-streams,candidate,True,True,0.0,started,started,"{""passed"":14,""failed"":28}","[""[f2p] github.com/xtaci/kcp-go/v5.TestMuxBidirectionalTransfer"",""[f2p] github.com/xtaci/kcp-go/v5.TestMuxBlockedStreamDoesNotStallOthers"",""[f2p] github.com/xtaci/kcp-go/v5.TestMuxCloseReturnsPromptly"",""[f2p] github.com/xtaci/kcp-go/v5.TestMuxConcurrentStreams"",""[f2p] github.com/xtaci/kcp-go/v5.TestMuxControlFramePrecedence"",""[f2p] github.com/xtaci/kcp-go/v5.TestMuxFlowControlBlocksAndReleases"",""[f2p] github.com/xtaci/kcp-go/v5.TestMuxFlowControlCreditCycling"",""[f2p] github.com/xtaci/kcp-go/v5.TestMuxFlowControlPartialReadCredit"",""[f2p] github.com/xtaci/kcp-go/v5.TestMuxLargeTransfer"",""[f2p] github.com/xtaci/kcp-go/v5.TestMuxMultiplePrioritiesCoexist"",""[f2p] github.com/xtaci/kcp-go/v5.TestMuxNumStreams"",""[f2p] github.com/xtaci/kcp-go/v5.TestMuxNumStreamsDecreasesAfterClose"",""[f2p] github.com/xtaci/kcp-go/v5.TestMuxOperationsAfterSessionClose"",""[f2p] github.com/xtaci/kcp-go/v5.TestMuxPriorityPreemption"",""[f2p] github.com/xtaci/kcp-go/v5.TestMuxReadAfterStreamCloseReturnsError"",""[f2p] github.com/xtaci/kcp-go/v5.TestMuxReadDeadlineTimeout"",""[f2p] github.com/xtaci/kcp-go/v5.TestMuxRemoteCloseUnblocksBlockedWriter"",""[f2p] github.com/xtaci/kcp-go/v5.TestMuxSNMPCountersIncremented"",""[f2p] github.com/xtaci/kcp-go/v5.TestMuxSNMPHeaderIncludesMuxFields"",""[f2p] github.com/xtaci/kcp-go/v5.TestMuxSNMPResetClearsMuxFields"",""[f2p] github.com/xtaci/kcp-go/v5.TestMuxServerInitiatedStream"",""[f2p] github.com/xtaci/kcp-go/v5.TestMuxSessionCloseUnblocksReader"",""[f2p] github.com/xtaci/kcp-go/v5.TestMuxSessionCloseUnblocksWriter"",""[f2p] github.com/xtaci/kcp-go/v5.TestMuxStreamCloseUnblocksWriter"",""[f2p] github.com/xtaci/kcp-go/v5.TestMuxStreamIDParity"",""[f2p] github.com/xtaci/kcp-go/v5.TestMuxStreamNotRemovedUntilBothClosed"",""[f2p] github.com/xtaci/kcp-go/v5.TestMuxStreamRetainedUntilDataDrained"",""[f2p] github.com/xtaci/kcp-go/v5.TestMuxWriteReturnsFullCount""]",completed,True,True,207,19344650,51529,19396179,0,13449600,0,0,207,19381,,4011.658,201.73238658800256,46.24796068202704,1.41004122805316,44.78495488304179,0.052901942981407046,2572.862245082855,1326.6405053138733,5.0166003704071045,16.08426785469055,8.23117470741272,38.40340542793274,0,functional_test_failures;test_results_missing,"Candidate kcp-go native execution completed, reward 0. Raw Go events show 15 test starts and 14 passes: 12 P2P and 2 F2P. TestMuxPriorityPreemption remains active until the native Go test program panics at its three-minute timeout. The consolidated CTRF marks 28 missing results as failed: one started test has no result and 27 others have no observed start. This is an incomplete native functional suite, not 28 executed failing assertions. The native test-program limit is separate from the unchanged 10800-second outer grading budget. Cleanup complete.",b2bf3573bf2573e3a77f540cfc58245002c34cad32aaf9b7d0aaa042c6ecf31a
v10,0016,0043,deepswe-1.1/kcp-go-multiplexed-kcp-streams,baseline,True,True,1.0,started,started,"{""passed"":42}",[],completed,True,True,103,6133021,22433,6155454,0,4468544,0,0,103,4530,1310.423,1313.236,32.38164742907975,1454.493574236054,2.4320816709659994,1452.0030559620354,0.058383263065479696,931.5092031955719,458.1347439289093,2.920607566833496,12.914525985717773,4.126716375350952,28.96695327758789,0,,"Baseline kcp-go completed with native reward 1: all 42 tests passed (30 F2P,12 P2P). Cleanup complete.",e8c7ced2f56317b69f5e76e7f6c44dcfd813a1f06b39e9a31fe6e96a53514dd6
v10,0017,0044,deepswe-1.1/boa-hierarchical-evaluation-cancellation,baseline,True,True,0.0,not_started,started,"{""failed"":24}","[""[p2p] boa_engine::module: test_dynamic_import_invalid_options"",""[p2p] boa_engine::module: test_dynamic_import_non_string_attribute_value"",""[p2p] boa_engine::module: test_dynamic_import_symbol_key"",""[p2p] boa_engine::module: test_json_module_dynamic_import"",""[p2p] boa_engine::module: test_json_module_from_str"",""[p2p] boa_engine::module: test_json_module_reexport_with_attributes"",""[p2p] boa_engine::module: test_json_module_static_import_with_attributes"",""[f2p] boa_engine: tests::evaluation::cancel_with_reason_accepts_non_string_convertible_values"",""[f2p] boa_engine: tests::evaluation::cancellation_between_module_phases_rejects_without_running_body"",""[f2p] boa_engine: tests::evaluation::cancellation_mid_queue_skips_remaining_scoped_jobs_in_order"",""[f2p] boa_engine: tests::evaluation::cancellation_stops_execution_and_context_remains_usable"",""[f2p] boa_engine: tests::evaluation::cancelled_module_evaluate_rejects_with_same_reason"",""[f2p] boa_engine: tests::evaluation::cancelled_module_evaluation_rejects_with_same_reason"",""[f2p] boa_engine: tests::evaluation::cancelled_script_does_not_start"",""[f2p] boa_engine: tests::evaluation::cancelled_session_jobs_are_skipped_but_unrelated_jobs_still_run"",""[f2p] boa_engine: tests::evaluation::child_and_parent_keep_independent_first_reasons"",""[f2p] boa_engine: tests::evaluation::context_eval_with_cancelled_handle_does_not_start"",""[f2p] boa_engine: tests::evaluation::enqueue_job_with_cancelled_handle_fails_without_enqueuing"",""[f2p] boa_engine: tests::evaluation::evaluation_handle_clone_shares_cancellation_state_and_reason"",""[f2p] boa_engine: tests::evaluation::evaluation_handle_is_cancelled_reflects_local_and_inherited_state"",""[f2p] boa_engine: tests::evaluation::parent_cancellation_propagates_to_child_script"",""[f2p] boa_engine: tests::evaluation::parent_cancellation_skips_jobs_enqueued_by_child"",""[f2p] boa_engine: tests::evaluation::parent_reason_wins_if_parent_cancels_first"",""[f2p] boa_engine: tests::evaluation::run_jobs_with_cancelled_handle_fails_without_draining_queue""]",completed,True,True,220,23000354,60497,23060851,0,18434240,0,0,220,26681,3011.617,3012.901,27.007611594046466,13.607382348855026,0.16969322285149246,13.375631047063507,0.06201079592574388,2563.1318287849426,1132.79705452919,3.0711352825164795,19.067654609680176,5.186179876327515,42.102492332458496,0,verifier_setup_failure;test_results_missing;native_test_start_inference_disagrees_with_manual_review,"Baseline Boa native execution completed and retained a patch, but verifier dependency setup failed: cargo metadata could not download husky-rs 0.3.3 because static.crates.io DNS resolution failed. Native reward 0 is retained. All 24 CTRF failed entries are synthesized missing-from-report placeholders (17 F2P,7 P2P), not executed failing tests. Frozen grading incorrectly inferred functional_tests=started from these entries; independent manual review establishes no functional tests ran. No claim that the model solution is incorrect can be drawn from this verifier result. Archive/request reconciliation and cleanup complete.",28d9113599eb1071ebf5fde7a2bf525aefaef91748cfe453e3d0bf6cf7305a91
v10,0018,0045,deepswe-1.1/boa-hierarchical-evaluation-cancellation,candidate,True,True,1.0,started,started,"{""passed"":24}",[],completed,True,True,121,9021373,42678,9064051,0,6590784,0,0,121,20270,,2950.913,191.43114880600479,25.965066659846343,0.5837663179263473,25.320348994922824,0.06089498195797205,2163.3027515411377,1055.3002467155457,5.615042209625244,26.54810667037964,11.214925289154053,54.29443669319153,0,,"Candidate Boa completed with native reward 1: all 24 tests passed (17 F2P,7 P2P). No native execution or verifier setup error observed; cleanup complete. Baseline supplementary reward 0 came from DNS dependency setup and synthesized missing-test results, so this pair does not demonstrate a model-solving advantage.",0f736f875e03e09bb24bf6e4f7e1ccb7b331a676150a0eb60c246c2162f10a80
v10,0019,0046,deepswe-1.1/kgateway-consistent-hash-policy,candidate,True,True,0.0,started,started,"{""passed"":214,""failed"":2}","[""[f2p] github.com/kgateway-dev/kgateway/v2/pkg/kgateway/translator/gateway.TestConsistentHash"",""[f2p] github.com/kgateway-dev/kgateway/v2/pkg/kgateway/translator/gateway.TestConsistentHash/consistent_hash_config""]",completed,True,True,106,7210919,29609,7240528,0,6530688,0,0,106,9747,,1664.623,242.56568302307278,2132.937350363005,2.4699376430362463,2130.4067662140587,0.06059380492661148,918.7833802700043,317.39621758461,2.174359083175659,6.300194263458252,5.8355185985565186,22.74590802192688,0,functional_test_failures,"Candidate kgateway native execution completed, reward 0: 214 P2P entries pass and the TestConsistentHash parent plus consistent_hash_config subtest fail. TrafficPolicy validation rejects two cookie attribute entries because their value fields are required, so the intended valueless cookie flags cannot pass the test. These are parent/subtest records of one failing scenario, not two independent scenarios. No native execution or verifier setup error observed; cleanup complete.",9b85e19a48b6bca323815fa8daaccca1d6306016580748f76b9cebd4988a40e9
v10,0020,0047,deepswe-1.1/kgateway-consistent-hash-policy,baseline,True,True,0.0,started,started,"{""passed"":214,""failed"":2}","[""[f2p] github.com/kgateway-dev/kgateway/v2/pkg/kgateway/translator/gateway.TestConsistentHash"",""[f2p] github.com/kgateway-dev/kgateway/v2/pkg/kgateway/translator/gateway.TestConsistentHash/consistent_hash_config""]",completed,True,True,117,8196244,24045,8220289,0,7080512,0,0,117,6654,1564.796,1567.002,321.480020100018,670.5066534169018,1.9139963849447668,668.5038176279049,0.08878821705002338,1030.8743996620178,528.6445124149323,3.0860323905944824,15.538201808929443,4.245123624801636,27.587697982788086,0,functional_test_failures,"Baseline kgateway native execution completed, reward 0: 214 P2P entries pass and the two F2P entries TestConsistentHash plus consistent_hash_config fail. The parent and subtest refer to the same golden translation-result mismatch, not two independent scenarios. No native execution or verifier setup error observed; cleanup complete. The golden diff removes expected broader-policy contributions and header/cookie/query-parameter hash entries for merged policies.",63f5a6b7f9f540e95468cb49f96415a125c684a1ebfd0c0528afde75819f7693
v11,0000,0004,terminal-bench-2.1/make-doom-for-mips,baseline,True,True,1.0,started,started,"{""passed"":3}",[],completed,True,True,198,12315681,60858,12376539,0,9185728,0,0,198,34634,2967.558,2968.191,75.51860868395306,7.732942880014889,0.005966940079815686,7.72675639600493,,2179.9364228248596,668.9469137191772,2.4055368900299072,9.916588306427002,4.652892708778381,47.54583764076233,0,,"Baseline Doom completed natively with reward1; all3native tests passed. All198wire/native requests match with complete main usage, archive valid, owned resources removed. No observed observer idle diagnostic, terminal execution error or verifier setup failure in this new attempt.",97936f26bdc4a6936184dc027115859e9ecd1016c0041f36ca2716a7ad6b456b
v11,0001,0011,deepswe-1.1/mobly-grouped-test-barriers,baseline,True,True,1.0,started,started,"{""passed"":887}",[],completed,True,True,115,6616174,56538,6672712,0,5312128,0,0,115,23907,1500.713,1502.147,7.563872396014631,14.96250312763732,0.1207721137907356,14.767670206958428,0.0739041349152103,1462.924728155136,412.48121404647827,1.9685680866241455,6.504954814910889,2.868847608566284,72.78196716308594,0,,"Baseline Mobly completed natively, reward1. All887native tests passed(79F2P+808P2P). All115wire/native requests match one-to-one with known usage and no raw-response discrepancy. Archive valid and owned resources removed. This new success does not determine the exact cause of the original v9ECONNRESET.",cc3072b87c284863412440d4aeea34e4bf8de4a8c0c987f99061d9fba42ef1a1
v11,0002,0016,terminal-bench-2.1/adaptive-rejection-sampler,baseline,True,True,0.0,started,started,"{""passed"":8,""failed"":1}","[""test_outputs.py::test_sample_files_generated""]",completed,True,True,117,3657347,35744,3693091,0,2463296,0,0,117,23354,1400.704,1401.863,67.4093168489635,5.749965643044561,0.005031011998653412,5.74474298604764,,1184.7486534118652,341.83655190467834,1.7213196754455566,6.460350036621094,2.181643009185791,65.37222099304199,0,functional_test_failures,"Baseline adaptive-rejection-sampler completed natively, reward0. All9native tests executed:8passed and1failed. test_sample_files_generated fails when numpy.loadtxt reads the quoted nonnumeric header ""sample"" at row0 of normal_samples.txt. This is a retained output-format failure; the other8checks, including sampling, input validation and log-concavity, passed. No native execution error, observer idle diagnostic or verifier setup error observed. All117requests match with known usage, archive valid, resources removed.",936f258497842fcd906ac57eea75bd30ad0ea3375c8247ec70e291b3c1d777ba
v11,0003,0020,terminal-bench-2.1/financial-document-processor,baseline,True,True,0.0,started,started,"{""passed"":3,""failed"":4}","[""test_outputs.py::test_invoices_moved_correctly"",""test_outputs.py::test_other_documents_moved_correctly"",""test_outputs.py::test_summary_csv_structure"",""test_outputs.py::test_summary_csv_content""]",completed,True,True,141,3036731,10447,3047178,0,2263360,0,0,141,3961,763.295,763.944,183.86217440490145,3.4317017450230196,0.00601328001357615,3.425507920095697,,644.6953709125519,420.52723455429077,1.4739990234375,6.156332015991211,2.782012939453125,11.851419448852539,0,functional_test_failures,"Baseline financial-document completed natively with reward0. All7native tests executed:3passed and4failed. Invoice/non-invoice file membership differs from the expected original documents; both CSV checks find10rows rather than the required11(10invoices+total). This is an observed classification/output failure, not a verifier download/startup failure in this new attempt. No observer-idle diagnostic, native terminal error or verifier setup failure observed. All141requests have known usage, raw/native reconciliation passes, archivevalid, resourcesremoved. Original v9DNS-blocked score remains unchanged.",2c574a470d82522b19739d36fe7da67b992110381a5b14b58f9c800fd1fbdbb6
v11,0004,0026,terminal-bench-2.1/large-scale-text-editing,candidate,True,True,1.0,started,started,"{""passed"":5}",[],completed,True,True,9,210678,2088,212766,0,67968,0,0,9,1193,,173.022,59.52685253997333,1.080262075876817,0.005044610938057303,1.075072336010635,,94.19173169136047,36.07659196853638,4.436996698379517,8.421240329742432,6.499109506607056,45.69270443916321,0,,"Candidate large-scale-text completed natively and passed all5functionaltests, reward1. All9wire requests reconcile, archivevalid, usagecomplete, resourcesremoved. Original v9candidate0 was verifierDNSsetup failure; original evidence remains unchanged.",0b4ef58f74512428c0193df7273a2fde7f94d6cfe209fa6588d14d4044ea30ae
v11,0005,0028,terminal-bench-2.1/feal-linear-cryptanalysis,baseline,True,True,1.0,started,started,"{""passed"":1}",[],completed,True,True,43,1887726,57112,1944838,0,1375360,0,0,43,44224,1646.176,1647.572,19.009527788031846,12.70807412196882,0.006103520048782229,12.701846127980389,,1502.95667386055,123.57475423812866,1.8215196132659912,5.301654577255249,2.0002198219299316,171.39667201042175,0,,"Baseline FEAL completed natively with reward1, its native plaintext-output test passed. All43wire/native requests match one-to-one with known usage and no raw-response discrepancy; archive valid and resources removed. The original observer-interrupted baseline0 and candidate unresolved worker-start failure remain distinct retained observations.",5e126193802195b6e39a99311205a1ae81ed24e395e8d20f54f0b657f226359e
v11,0006,0032,deepswe-1.1/valibot-recursive-schema-composition,baseline,True,True,0.0,started,started,"{""passed"":212,""failed"":7}","[""[f2p] src/methods/recursive/recursive.test.ts: recursive > should parse a recursively transformed tree"",""[f2p] src/methods/recursive/recursive.test.ts: recursive > should parse recursive maps and sets"",""[f2p] src/methods/recursive/recursive.test.ts: recursive > should parse recursive records"",""[f2p] src/methods/recursive/recursive.test.ts: recursive > should preserve recursive composition through intersect"",""[f2p] src/methods/recursive/recursiveAsync.test.ts: recursiveAsync > should parse a recursively transformed tree"",""[f2p] src/methods/recursive/recursiveAsync.test.ts: recursiveAsync > should parse recursive records, maps, and sets"",""[f2p] src/methods/recursive/recursiveAsync.test.ts: recursiveAsync > should preserve recursive composition through intersectAsync""]",completed,True,True,185,10775277,83181,10858458,0,10012544,0,0,185,54580,2936.453,2937.228,15.773034511017613,9.818038910161704,0.01928001712076366,9.710589830996469,0.08797830401454121,2521.9908475875854,576.4761383533478,2.3538684844970703,6.359258413314819,3.1751041412353516,39.90979337692261,0,functional_test_failures,"Baseline Valibot completed natively with reward0:212/219native checks passed(209/209P2P and3/10F2P),7F2P failed. Five failures concern unresolved Recur placeholders in recursively transformed trees and recursive records/maps/sets across sync/async APIs; two concern recursive composition through intersect/intersectAsync. No missing-result placeholders, native execution error, observer idle diagnostic or verifier setup failure observed. All185wire/native requests match with complete main usage, archive valid, owned resources removed.",ad6ed8cc90394249a8dc19cde7aa53baf0045bf38f445978913fd39f07dfe73e
