task,arm,cell,state,terminal,native_reward,actual_test_review,failure_class,failure_explanation,request_count,input,output,total,cacheRead,cacheWrite,reasoning,solve_seconds,verifier_seconds,queue_seconds,request_interval_union_seconds,time_before_first_data_union_seconds,observed_oom_events,evidence_valid,archive_readable,archive_receipt_present,archive_recording,archive_integrity_complete,archive_recovery_status,archive_recovery_valid,archive_recovery_recording,archive_recovery_integrity_complete,archive_recovery_model_calls,archive_recovery_receipt_sha256,cleanup_status,resources_removed,checked_files,hash_mismatch_count,input_known_lower_bound,output_known_lower_bound,total_known_lower_bound,cacheRead_known_lower_bound,cacheWrite_known_lower_bound,reasoning_known_lower_bound,input_unknown_requests,output_unknown_requests,total_unknown_requests,cacheRead_unknown_requests,cacheWrite_unknown_requests,reasoning_unknown_requests
deepswe-1.1/fd-deterministic-multi-key-sorting,baseline,0012,completed,True,0.0,"{""started"": true, ""new_passed"": 42, ""new_failed"": 1, ""existing_passed"": 109, ""existing_failed"": 0, ""missing_placeholders"": 0}",functional_assertion_failure,The leading-zero natural-sort tie case fails as one executed assertion; all 109 existing tests pass. The combined and per-suite CTRF reports duplicate this same failure.,72,5087351,24709,5112060,4270464,,10011,1194.633,14.145880335010588,9859.387481916987,1033.8577282428741,380.3987867832184,0,True,True,True,partial,False,,,,,,,completed,True,516,0,5087351,24709,5112060,4270464,0,10011,0,0,0,0,72,0
deepswe-1.1/fd-deterministic-multi-key-sorting,candidate,0013,completed,True,1.0,"{""started"": true, ""new_passed"": 43, ""new_failed"": 0, ""existing_passed"": 109, ""existing_failed"": 0, ""missing_placeholders"": 0}",native_pass,"All 43 new and 109 existing score-targeted assertions pass, including the leading-zero natural-sort tie case missed by the baseline. Combined and per-suite reports overlap and are not additive.",92,7025062,68917,7093979,6302464,,45738,1934.842,11.8766358490102,10897.863098653906,1716.774424791336,339.15840315818787,0,True,True,True,partial,False,,,,,,,completed,True,636,0,7025062,68917,7093979,6302464,0,45738,0,0,0,0,92,0
deepswe-1.1/katex-multicolumn-array-spans,baseline,0011,completed,True,0.0,"{""started"": true, ""new_passed"": 87, ""new_failed"": 7, ""existing_passed"": 599, ""existing_failed"": 0, ""missing_placeholders"": 0}",functional_assertion_failure,"Seven distinct new assertions fail across row-specific spans, separator suppression, invalid-input behavior and full-row MathML. Combined and per-suite CTRF reports duplicate these seven failures; all 599 existing tests pass.",113,10159543,48036,10207579,8499968,,27391,1984.081,7.324895126046613,9017.63945110602,1683.7844552993774,627.3091650009155,0,True,True,True,complete,True,,,,,,,completed,True,758,0,10159543,48036,10207579,8499968,0,27391,0,0,0,0,113,0
deepswe-1.1/katex-multicolumn-array-spans,candidate,0010,completed,True,0.0,"{""started"": true, ""new_passed"": 80, ""new_failed"": 14, ""existing_passed"": 599, ""existing_failed"": 0, ""missing_placeholders"": 0}",functional_assertion_failure,"Fourteen distinct new assertions fail. Alignment is emitted as c/l/r instead of center/left/right, vertical-rule cases access undefined shift, and MathML columnalign attributes miss expected values. The combined CTRF and new-suite CTRF list the same fourteen failures and must not be added together.",66,7145874,107757,7253631,6228096,,92221,2932.838,7.4577209139824845,6829.773098010919,2780.6197884082794,395.85677576065063,0,True,True,True,partial,False,,,,,,,completed,True,476,0,7145874,107757,7253631,6228096,0,92221,0,0,0,0,66,0
deepswe-1.1/kcp-go-multiplexed-kcp-streams,baseline,0004,completed,True,1.0,"{""started"": true, ""new_passed"": 30, ""new_failed"": 0, ""existing_passed"": 12, ""existing_failed"": 0}",native_pass,"All 42 executed Go assertions pass, including the priority preemption behavior that failed in the historical candidate run.",82,5298106,36296,5334402,2748480,,16249,2463.914,25.694073485035915,1051.454880484962,1544.1875565052032,596.595963716507,0,True,True,True,partial,False,,,,,,,completed,True,572,0,5298106,36296,5334402,2748480,0,16249,0,0,0,0,82,0
deepswe-1.1/kcp-go-multiplexed-kcp-streams,candidate,0005,completed,True,1.0,"{""started"": true, ""new_passed"": 30, ""new_failed"": 0, ""existing_passed"": 12, ""existing_failed"": 0}",native_pass,"All 42 executed Go assertions pass, including the priority preemption behavior that failed in the historical candidate run.",91,9098386,84430,9182816,7266048,,63473,3366.29,26.756887044000905,1513.1908666649833,2405.1085534095764,547.9970512390137,0,True,True,True,partial,False,,,,,,,completed,True,626,0,9098386,84430,9182816,7266048,0,63473,0,0,0,0,91,0
deepswe-1.1/kgateway-consistent-hash-policy,baseline,0015,completed,True,1.0,"{""started"": true, ""new_passed"": 2, ""new_failed"": 0, ""existing_passed"": 214, ""existing_failed"": 0, ""missing_placeholders"": 0}",native_pass,Both new policy tests and all 214 score-targeted existing tests pass. The combined and per-suite reports overlap and are not additive.,118,8255672,33205,8288877,6941312,,8050,1981.18,210.34580718702637,11114.976660605054,1178.74955868721,584.3280208110809,0,True,True,True,partial,False,,,,,,,completed,True,788,0,8255672,33205,8288877,6941312,0,8050,0,0,0,0,118,0
deepswe-1.1/kgateway-consistent-hash-policy,candidate,0014,completed,True,1.0,"{""started"": true, ""new_passed"": 2, ""new_failed"": 0, ""existing_passed"": 214, ""existing_failed"": 0, ""missing_placeholders"": 0}",native_pass,Both new policy tests and all 214 score-targeted existing tests pass. Combined and per-suite reports overlap and are not additive.,102,11908580,99937,12008517,11361664,,75491,3093.849,207.50631959101884,11065.008381464053,2385.8934602737427,367.98260712623596,0,True,True,True,partial,False,,,,,,,completed,True,692,0,11908580,99937,12008517,11361664,0,75491,0,0,0,0,102,0
deepswe-1.1/sqlfmt-create-table-ddl-formatting,baseline,0007,completed,True,0.0,"{""started"": true, ""new_passed"": 29, ""new_failed"": 3, ""existing_passed"": 1273, ""existing_failed"": 0, ""renumbered_passes"": 0, ""unresolved_missing"": 0}",functional_assertion_failure,"Three executed new DDL utility assertions fail; all 1,273 existing tests pass. No missing-result placeholders or test numbering drift occur in this baseline result.",172,19279630,97371,19377001,13051456,,70953,5293.491,30.982841498043854,3588.9142287130817,4672.069195508957,1771.42626786232,0,True,True,True,partial,False,,,,,,,completed,True,1114,0,19279630,97371,19377001,13051456,0,70953,0,0,0,0,172,0
deepswe-1.1/sqlfmt-create-table-ddl-formatting,candidate,0006,completed,True,0.0,"{""started"": true, ""new_passed"": 25, ""new_failed"": 7, ""existing_passed"": 1215, ""existing_failed"": 4, ""renumbered_passes"": 53, ""unresolved_missing"": 1}",functional_assertion_failure_with_report_placeholders,"Eleven assertions actually fail: seven new DDL fixture or utility cases and four existing fixture cases. Of 54 missing-from-report placeholders, 53 correspond to renumbered passing tests and one original case is unresolved/not started. The native reward remains zero; placeholders are not 54 executed assertion failures.",132,13235346,129179,13364525,11788864,,98968,4151.719,30.09283137699822,1878.4942468100344,3629.489445924759,740.9195711612701,0,True,True,True,partial,False,,,,,,,completed,True,874,0,13235346,129179,13364525,11788864,0,98968,0,0,0,0,132,0
deepswe-1.1/superjson-error-stack-serialization,baseline,0000,completed,True,0.0,"{""started"": true, ""new_passed"": 78, ""new_failed"": 2, ""existing_passed"": 116, ""existing_failed"": 0}",functional_assertion_failure,"Two executed new assertions fail: the processor hook is skipped when the stack option is omitted, and maxCauseDepth=0 retains a cause. The overlapping combined CTRF and per-suite reports are not additive.",36,1656226,22468,1678694,806464,,11385,991.285,5.566234964993782,12.881130143883638,936.9687247276306,421.1916573047638,0,True,True,True,partial,False,,,,,,,completed,True,302,0,1656226,22468,1678694,806464,0,11385,0,0,0,0,36,0
deepswe-1.1/superjson-error-stack-serialization,candidate,0001,completed,True,0.0,"{""started"": true, ""new_passed"": 71, ""new_failed"": 9, ""existing_passed"": 113, ""existing_failed"": 3}",functional_assertion_failure,"Twelve executed assertions fail across cause reconstruction, AggregateError, string-mode annotations and option boundaries. The overlapping combined CTRF and per-suite reports are not additive.",39,2634212,61715,2695927,2255424,,44701,1447.019,5.900894085003529,5.575089930964168,1383.9167964458466,149.54054021835327,0,True,True,True,partial,False,,,,,,,completed,True,320,0,2634212,61715,2695927,2255424,0,44701,0,0,0,0,39,0
doom-frame-diagnostic-v1/make-doom-for-mips,baseline,0008,completed,True,1.0,"{""started"": true, ""passed"": 3, ""failed"": 0}",native_pass_with_unknown_request_usage,The version-locked Doom frame diagnostic passes all three executed verifier tests. Three interrupted model requests have unknown usage; this diagnostic score does not replace historical Doom.,136,,,,,,,5758.725,59.624091325036716,4985.9121052760165,4408.048467874527,1467.9227919578552,0,True,True,True,partial,False,,,,,,,completed,True,869,0,15855601,106631,15962232,7581568,0,66166,3,3,3,3,136,3
doom-frame-diagnostic-v1/make-doom-for-mips,candidate,0009,completed,True,1.0,"{""started"": true, ""passed"": 3, ""failed"": 0}",native_pass_with_archive_validation_timeout,"The version-locked Doom diagnostic passes all three executed verifier tests. ZIP export succeeded, but original validation timed out after 300 seconds, so original evidence remains invalid without its archive receipt. Independent recovery validated the same retained ZIP with the frozen verifier and zero model calls; recording is partial and integrity.complete remains false.",133,23161072,235020,23396092,19416832,,196316,8094.095,55.38514904101612,6187.988600295095,6266.612449645996,952.7680194377899,0,False,True,False,,False,completed,True,partial,False,0,9dde2217f5ff3c8a620c5041cd657ca23b573a8c5bf06d13817a5221c391d805,completed,True,851,0,23161072,235020,23396092,19416832,0,196316,0,0,0,0,133,0
terminal-bench-2.1/adaptive-rejection-sampler,baseline,0003,completed,True,1.0,"{""started"": true, ""passed"": 9, ""failed"": 0}",native_pass,All nine verifier assertions pass. The 76 requests include work and repeated R installation/waiting behavior; their difference from the candidate is not by itself attributable to the prompt.,76,4452619,32975,4485594,2069824,,11935,6725.456,67.51209243899211,1.0339108249172568,1430.3710401058197,695.1825625896454,0,True,True,True,partial,False,,,,,,,completed,True,509,0,4452619,32975,4485594,2069824,0,11935,0,0,0,0,76,0
terminal-bench-2.1/adaptive-rejection-sampler,candidate,0002,completed,True,1.0,"{""started"": true, ""passed"": 9, ""failed"": 0}",native_pass_with_unknown_request_usage,"All nine verifier tests pass. One interrupted model request has no usage, so reported token counts are lower bounds.",29,,,,,,,1732.559,95.64443178504007,9.786307597009,1499.100432395935,151.55924201011658,0,True,True,True,partial,False,,,,,,,completed,True,227,0,1803585,60847,1864432,1375936,0,34169,1,1,1,1,29,1
